Name,Territory
hdhhgdliplo,a040900000835HjAAI
lpiolp,a040900000835HkAAI
lpiolpiolp,a040900000835HoAAI
uijyjy,a040900000835HtAAI
yrbrbyth,a040900000835I3AAI
vrgreg,a040900000835JlAAI
" Nmnb ,,",a040900000835KuAAI
bdvrv,a040900000835L9AAI
thbrb,a040900000835LEAAY
mnbm,a040900000835LFAAY
pouyir,a040900000835LJAAY
werfwrw,a040900000835LKAAY
fdvsf sb,a040900000835LTAAY
srevwtrw,a040900000835LUAAY
wervywrv,a040900000835LdAAI
rvewggn,a040900000835LnAAI
vrwehtb,a040900000835LoAAI
vwetthb,a040900000835LpAAI
vrtewrtw,a040900000835LqAAI
crewqrvwerg,a040900000835MWAAY
avrwev,a040900000835MXAAY
srgdbnsvvvb s,a040900000835MbAAI
avwerq3,a040900000835MlAAI
trwhsd,a040900000835MmAAI
qteweefwq,a040900000835NAAAY
fegwrfbf,a040900000835YxAAI
fdabvnds,a040900000835Z2AAI
fdssgdgn,a040900000835ZjAAI
